invoice_id,account_id,amount,currency,charged_on,status,failure_reason,card_last4
INV-6101,A1001,49.0,USD,2026-08-10,paid,,4242
INV-6102,A1001,49.0,USD,2026-09-10,paid,,4242
INV-6201,A1002,49.0,USD,2026-08-11,paid,,1881
INV-6202,A1002,49.0,USD,2026-09-11,paid,,1881
INV-6301,A1003,49.0,USD,2026-08-01,paid,,0341
INV-6302,A1003,49.0,USD,2026-09-01,paid,,0341
INV-6303,A1003,49.0,USD,2026-10-01,failed,card_declined,0341
INV-6401,A1004,49.0,USD,2026-08-01,paid,,5556
INV-6402,A1004,49.0,USD,2026-09-01,paid,,5556
INV-6001,A1004,49.0,USD,2026-10-01,paid,,5556
INV-6002,A1004,49.0,USD,2026-10-01,paid,,5556
INV-6501,A1005,199.0,USD,2026-08-22,paid,,4444
INV-6502,A1005,199.0,USD,2026-09-22,paid,,4444
INV-6601,A1006,49.0,USD,2026-08-21,paid,,7719
INV-6602,A1006,49.0,USD,2026-09-21,paid,,7719
INV-6701,A1007,49.0,USD,2026-08-01,paid,,9905
INV-6702,A1007,49.0,USD,2026-09-01,failed,card_expired,9905
INV-6801,A1008,4100.0,INR,2026-08-17,paid,,2222
INV-6802,A1008,4100.0,INR,2026-09-17,paid,,2222
INV-7001,A1010,49.0,USD,2026-08-14,paid,,7310
INV-7002,A1010,49.0,USD,2026-09-14,paid,,7310
INV-7003,A1011,16700.0,INR,2026-08-03,paid,,1408
INV-7004,A1011,16700.0,INR,2026-09-03,paid,,1408
INV-7005,A1011,16700.0,INR,2026-10-03,paid,,1408
INV-7006,A1013,999.0,USD,2026-08-20,paid,,6624
INV-7007,A1013,999.0,USD,2026-09-20,paid,,6624
INV-7008,A1014,49.0,USD,2026-08-04,paid,,2290
INV-7009,A1014,49.0,USD,2026-09-04,paid,,2290
INV-7010,A1014,49.0,USD,2026-10-04,failed,card_declined,2290
INV-7011,A1015,199.0,USD,2026-08-27,paid,,9051
INV-7012,A1015,199.0,USD,2026-09-27,paid,,9051
INV-7013,A1017,83600.0,INR,2026-08-12,paid,,3377
INV-7014,A1017,83600.0,INR,2026-09-12,paid,,3377
INV-7015,A1018,199.0,USD,2026-08-08,paid,,5540
INV-7016,A1018,199.0,USD,2026-09-08,failed,insufficient_funds,5540
INV-7017,A1019,999.0,USD,2026-08-02,paid,,8812
INV-7018,A1019,999.0,USD,2026-09-02,paid,,8812
INV-7019,A1019,999.0,USD,2026-10-02,failed,card_expired,8812
INV-7020,A1020,49.0,USD,2026-08-25,paid,,5532
INV-7021,A1020,49.0,USD,2026-09-25,paid,,5532
INV-7022,A1022,49.0,USD,2026-08-16,paid,,1173
INV-7023,A1023,16700.0,INR,2026-08-28,paid,,0457
INV-7024,A1023,16700.0,INR,2026-09-28,paid,,0457
INV-7025,A1024,49.0,USD,2026-08-21,paid,,7846
INV-7026,A1024,49.0,USD,2026-09-21,paid,,7846
INV-7027,A1025,999.0,USD,2026-08-05,paid,,3025
INV-7028,A1025,999.0,USD,2026-09-05,failed,card_declined,3025
INV-7029,A1026,16700.0,INR,2026-08-03,paid,,6081
INV-7030,A1026,16700.0,INR,2026-09-03,paid,,6081
INV-7031,A1026,16700.0,INR,2026-10-03,failed,insufficient_funds,6081
INV-7032,A1028,999.0,USD,2026-08-18,paid,,9160
INV-7033,A1028,999.0,USD,2026-09-18,paid,,9160
INV-7034,A1029,199.0,USD,2026-08-23,refunded,,4418
INV-7035,A1032,83600.0,INR,2026-08-09,paid,,2764
INV-7036,A1033,199.0,USD,2026-08-12,paid,,5823
INV-7037,A1033,199.0,USD,2026-09-12,paid,,5823
