account_id,period,workflow_runs,api_calls_peak_per_min,seats_used
A1001,2026-10,10000,300,5
A1001,2026-09,9420,276,5
A1002,2026-10,10001,301,3
A1002,2026-09,9875,288,3
A1003,2026-10,1200,40,2
A1003,2026-09,4310,95,2
A1004,2026-10,3000,120,4
A1004,2026-09,7420,180,4
A1005,2026-10,8150,420,12
A1005,2026-09,38900,610,12
A1006,2026-10,1430,85,2
A1006,2026-09,6120,150,2
A1007,2026-10,0,0,3
A1007,2026-09,2150,60,3
A1008,2026-10,640,45,2
A1008,2026-09,3280,70,2
A1009,2026-10,85,8,1
A1009,2026-09,410,22,1
A1010,2026-10,1840,96,4
A1010,2026-09,7650,210,4
A1011,2026-10,9120,380,18
A1011,2026-09,41200,1040,18
A1013,2026-10,61200,2380,142
A1013,2026-09,298400,3910,140
A1014,2026-10,210,18,3
A1014,2026-09,5480,140,3
A1015,2026-10,5230,310,21
A1015,2026-09,27600,640,21
A1016,2026-10,0,0,0
A1016,2026-09,0,0,0
A1017,2026-10,88400,4120,176
A1017,2026-09,431500,4870,176
A1018,2026-10,0,0,9
A1018,2026-09,6200,240,9
A1019,2026-10,9800,1540,88
A1019,2026-09,214000,2950,88
A1020,2026-10,2420,160,5
A1020,2026-09,9310,295,5
A1021,2026-10,96,12,1
A1021,2026-09,470,31,1
A1022,2026-10,0,0,0
A1022,2026-09,0,0,0
A1023,2026-10,4100,260,14
A1023,2026-09,22800,510,14
A1024,2026-10,1500,70,2
A1024,2026-09,6890,180,3
A1025,2026-10,0,0,120
A1025,2026-09,18700,1300,120
A1026,2026-10,1900,330,16
A1026,2026-09,33100,700,16
A1027,2026-10,140,15,1
A1027,2026-09,495,40,1
A1028,2026-10,102300,3650,190
A1028,2026-09,476800,4980,188
A1029,2026-10,0,0,0
A1029,2026-09,0,0,0
A1031,2026-10,60,6,1
A1031,2026-09,230,14,1
A1032,2026-10,0,0,0
A1032,2026-09,0,0,0
A1033,2026-10,7300,540,23
A1033,2026-09,36400,880,22
